[
  {
    "id": "93bd1379-91e9-4b75-be9d-ea21bdca43b5",
    "data": [
      {
        "text": "এখানে স্বাগতম",
        "userDefined": false
      }
    ],
    "isTemplate": false,
    "count": 0,
    "lang": "bn",
    "updated": 0
  },
  {
    "id": "ecf752ab-fa02-4034-94e8-61f6acdefb9c",
    "data": [
      {
        "text": "স্বাগতম",
        "userDefined": false
      }
    ],
    "isTemplate": false,
    "count": 0,
    "lang": "bn",
    "updated": 0
  },
  {
    "id": "2451f61a-e773-4a3e-90e5-868b3a208449",
    "data": [
      {
        "text": "তোমাকে অনেক অনেক স্বাগতম",
        "userDefined": false
      }
    ],
    "isTemplate": false,
    "count": 0,
    "lang": "bn",
    "updated": 0
  },
  {
    "id": "b0375773-887c-4e81-a4b6-42bad57467c3",
    "data": [
      {
        "text": "এটা আমার আনন্দ",
        "userDefined": false
      }
    ],
    "isTemplate": false,
    "count": 0,
    "lang": "bn",
    "updated": 0
  },
  {
    "id": "8345c72b-a584-4bd9-b8de-32b15cda8c74",
    "data": [
      {
        "text": "নিশ্চিত স্বাগতম",
        "userDefined": false
      }
    ],
    "isTemplate": false,
    "count": 0,
    "lang": "bn",
    "updated": 0
  },
  {
    "id": "d3434212-7d5e-48bf-9ae6-41d623a64732",
    "data": [
      {
        "text": "আমার আনন্দ",
        "userDefined": false
      }
    ],
    "isTemplate": false,
    "count": 0,
    "lang": "bn",
    "updated": 0
  },
  {
    "id": "2ff7ac65-9a56-4e05-b69e-62bd8ff552b0",
    "data": [
      {
        "text": "তোমাকে স্বাগতম",
        "userDefined": false
      }
    ],
    "isTemplate": false,
    "count": 0,
    "lang": "bn",
    "updated": 0
  }
]